,Company Name,Last Contact Type,Last Contact Date,Last Contact Agent
1,Bts,Phone,1/7/2018,Essence Brandt  (Placeholder Name)
2,Hardi Aged Care,Email,1/7/2018,Essence Brandt  (Placeholder Name)
3,Netpeak,Phone,1/8/2020,Briar Teal  (Placeholder Name)
4,Optometrics,,,
5,Premier Logistics,Phone,1/10/2019,Briar Teal  (Placeholder Name)
6,Qbank,Phone,1/11/2022,Rolland Laraine  (Placeholder Name)
7,Redcat,Email,1/12/2020,Rolland Laraine (Placeholder Name)
8,Riviera Partners,,,
9,Softwareone,,,
